"Part Number","Noun","Kit Name","Manufacturer","State Status","Current Status","Remarks","Form 48 Number","Die Required","Die Number","Shop Name","Updated By","Updated At","History"
"Q/J10-0049-3/1Q/611S-89-3","Bolt (Rec'D From Log)","Kit B","Machine shop","Part Trial Testing","NEW drawings h/o to machine shop 13-02-25","sd","WLOGTF060620220016","true","ada","JF-17 MRO","Abdullah","2025-01-14T22:27:50.826Z","1"
"Q/J10-0049-2/1Q/611S-89-2","Bolt","Kit B","Machine shop","Part Trial Testing","NEW drawings h/o to machine shop 13-02-25","","WLOGTF060620220015","false","","JF-17 MRO","Abdullah","2025-01-14T22:27:50.826Z","1"
"Q/611S-97-4X9","Special Rivets","Kit B","Machine Shop","MCL","UNSAT 06-02-25","","WLOGTF211020210008","false","","STRUCTURE JF-17 MRO","Abdullah","2025-01-14T22:27:50.826Z","1"
"Q/611S-97-4X11","Special Rivets (Log)","Kit B","Machine Shop","MCL","UNSAT 06-02-25","","WLOGTF010220220018","false","","STRUCTURE JF-17 MRO","Abdullah","2025-01-14T22:27:50.826Z","1"
"Q/611S-97-4X10","Special Rivets","Kit B","Machine Shop","MCL","UNSAT 06-02-25","","WLOGTF110320210391","false","","SRF JF-17 MRO","Abdullah","2025-01-14T22:27:50.826Z","1"
"Q/611598MJ6X1","Nut","Kit B","Machine Shop","Part Under TF","HT 27-02-25","","WLOGTF160620220028","false","","JF-17 MRO","Abdullah","2025-01-14T22:27:50.826Z","1"
"HB6746-4X8","Special Rivets (Log)","Kit B","Machine Shop","MCL","UNSAT 06-02-25","","WLOGTF010220220014","false","","STRUCTURE JF-17 MRO","Abdullah","2025-01-14T22:27:50.826Z","1"
"HB6746-4X16","Special Rivets (Log)","Kit B","Machine Shop","MCL","UNSAT 06-02-25","","WLOGTF291120210017","false","","STRUCTURE JF-17 MRO","Abdullah","2025-01-14T22:27:50.826Z","1"
"HB6746-4X14","Special Rivets (Log)","Kit B","","MCL","MCL Feb","","","false","","STRUCTURE JF-17 MRO","Abdullah","2025-01-14T22:27:50.826Z","1"
"HB6746-4X12","Special Rivets (Log)","Kit B","","MCL","MCL Feb","","","false","","STRUCTURE JF-17 MRO","Abdullah","2025-01-14T22:27:50.826Z","1"
"HB6746-4X10","Special Rivets (Log)","Kit B","","MCL","MCL Feb","","","false","","STRUCTURE JF-17 MRO","Abdullah","2025-01-14T22:27:50.827Z","1"
"HB6423MJ22X1.5","Nut","Kit B","Machine Shop","Part Under TF","Awt Tool","","WLOGTF080520190039","false","","JF-17 MRO","Abdullah","2025-01-14T22:27:50.827Z","1"
"HB6420MJ24X2","Nut","Kit B","","MCL","MCL Feb","","","false","","GOH JF-17 MRO","Abdullah","2025-01-14T22:27:50.827Z","1"
"HB6240MJ24X2","Nut","Kit B","","MCL","Area Unknown","","","false","","JF-17 MRO","Abdullah","2025-01-14T22:27:50.827Z","1"
"GJB122.6.1.8X68X3.5","Bolt (Rec'D From Log)","Kit B","","MCL","Area Unknown","","","false","","JF-17 MRO GOH","Abdullah","2025-01-14T22:27:50.827Z","1"
"GJB121.5.1.6X20X3MJ","Bolt","Kit B","","MCL","MCL Feb","","","false","","JF-17 MRO","Abdullah","2025-01-14T22:27:50.827Z","1"
"DD-FC1-77011-1202","Joint","Kit B","","MCL","Area Unknown","","","false","","JF-17 MRO","Abdullah","2025-01-14T22:27:50.827Z","1"
"DD-FC1-68074-1220","Landing Light Clamp","Kit B","S M  Shop","Part Trial Testing","Rework 07-2-25 (U/DWG 03/03/25)","","WLOGTF030820220007","false","","CONT & MECH PART JF-17","Abdullah","2025-01-14T22:27:50.827Z","1"
"DD-FC1-68074-1210","Clamp","Kit B","S M  Shop","Part Trial Testing","Rework 07-2-25 (U/DWG 03/03/25)","","WLOGTF280220220018","false","","CONT & MECH PART JF-17","Abdullah","2025-01-14T22:27:50.827Z","1"
"DD-FC1-62021-4","Three Way Joint","Kit B","PMC Shop","Part Under TF","Part under TF","","WLOGTF180120210007","false","","CONT & MECH PART JF-17","Abdullah","2025-01-14T22:27:50.827Z","1"
"DD-FC1-61052-150","Clamp","Kit B","S M Shop","Part Trial Testing","MISPLACE 07-02-25","","WLOGTF280220220020","false","","STRUCTURE JF-17 MRO","Abdullah","2025-01-14T22:27:50.828Z","1"
"DD-FC1-55167-8010H","Clamp","Kit B","","MCL","MCL Feb","","","false","","GOH JF-17 MRO","Abdullah","2025-01-14T22:27:50.828Z","1"
"DD-FC1-55156-5300","Hoop","Kit B","S M  Shop","Part Trial Testing","Rework 21-2-25 (FAI)","","WLOGTF210320220015","false","","CONT & MECH PART JF-17","Abdullah","2025-01-14T22:27:50.828Z","1"
"DD-FC1-51101-2300","Bolt","Kit B","Machine Shop","Part Trial Testing","Re-Work/Re-Mfg (HT 11/02/25)","","WLOGTF131020210006","false","","JF-17 MRO","Abdullah","2025-01-14T22:27:50.828Z","1"
"DD-FC1-42034-160","Bolt","Kit B","","MCL","MCL Feb","","","false","","JF-17 MRO","Abdullah","2025-01-14T22:27:50.828Z","1"
"DD-FC1-42034-1","Axis","Kit B","PMC Shop","Part Under TF","Part under TF","","WLOGTF180420220008","false","","JF-17 MRO","Abdullah","2025-01-14T22:27:50.828Z","1"
"DD-FC1-42004-20","Eye Bolt","Kit B","Machine Shop","Part Trial Testing","Re-Work/Re-Mfg (m/c lm for capability delete) Sub Jobcard raised to PMC by S/T Sami by Machine Shop 06-03-25","","WLOGTF110520220114","false","","CONT & MECH PART JF-17","Abdullah","2025-01-14T22:27:50.828Z","1"
"DD-FC1-41113-1","Bolt","Kit B","","MCL","MCL Feb","","","false","","JF-17 MRO","Abdullah","2025-01-14T22:27:50.828Z","1"
"DD-FC1-05016-125","Screw","Kit B","","MCL","MCL Feb","","","false","","JF-17 MRO","Abdullah","2025-01-14T22:27:50.828Z","1"
"1Q/611S-89-4(Q/J10-0049-4)","Bolt (Log)","Kit B","Machine Shop","Part Trial Testing","NEW drawings h/o to machine shop 13-02-25","","WLOGTF111020210001","false","","JF-17 MRO","Abdullah","2025-01-14T22:27:50.828Z","1"
"QS101-110","Air Inlet Valve","Kit C","","MCL","Awating F-022","","","false","","AFR ACCY SHOP II","Abdullah","2025-01-14T22:27:50.828Z","1"
"QDF10-013","Valve","Kit C","","Part Trial Testing","Die rework as per sample 14-02-25","","","false","","INSTRUMENT SHOP","Abdullah","2025-01-14T22:27:50.828Z","1"
"KJY8A-00-4","Diaphragm","Kit C","","MCL","MCL Feb","","","false","","AFR ACCY SHOP II","Abdullah","2025-01-14T22:27:50.829Z","1"
"19X(Z)-DG-103B-02","Rubber Ring","Kit C","","Part Under TF","Die under TF 360 solution","","","false","","ELECTRICAL SHOP","Abdullah","2025-01-14T22:27:50.829Z","1"
"NZ35H-27-3-5080","Seal Ring","Kit C","","Die Under TF","Die rework as per sample 19-02-25","","","true","81-F7-69","AFR ACCY SHOP II","Abdullah","2025-01-14T22:27:50.829Z","1"
"16D105-17.5-2.5-B","Seal Ring","Kit C","","MCL","MCL Feb","","","true","81-JF-17-234","AFR ACCY SHOP II","Abdullah","2025-01-14T22:27:50.829Z","1"
"16D105-35-3.6-B","Seal Ring","Kit C","","MCL","MCL Feb","","","true","81-JF-17-218","AFR ACCY SHOP II","Abdullah","2025-01-14T22:27:50.829Z","1"
"16D105-38.5-3-B","Seal Ring","Kit C","","MCL","MCL Feb","","","true","81-JF-17-232","AFR ACCY SHOP II","Abdullah","2025-01-14T22:27:50.829Z","1"
"16D105-7.7-1.9-B","Seal Ring","Kit C","","MCL","MCL Feb","","","true","81-JF-17-218","AFR ACCY SHOP II","Abdullah","2025-01-14T22:27:50.829Z","1"
"16D105-9.3-3.6-X","Seal Ring","Kit C","","MCL","MCL Feb","","","true","81-JF-17-232","AFR ACCY SHOP II","Abdullah","2025-01-14T22:27:50.829Z","1"
"3S12.2x2-J7","Seal Ring","Kit C","","MCL","MCL Feb","","","true","81-JF-17-289","AFR ACCY SHOP II","Abdullah","2025-01-14T22:27:50.829Z","1"
"3S60X2-J7","Seal Ring","Kit C","","Die Under TF","Die rework as per sample 19-02-25","","","true","81-JF-17-220","AFR ACCY SHOP I","Abdullah","2025-01-14T22:27:50.829Z","1"
"3S7.5X1.5-J7","Seal Ring","Kit C","","Part Under TF","Part under TF 28/02/25, Die rework required internal dia 7.3 instead of 7.5 also burs are thick.","","WTFRP2802250082","true","81-JF-17-237","AFR ACCY SHOP I","Abdullah","2025-01-14T22:27:50.829Z","1"
"Q/11D-02-6-(5080-1)","Seal Ring","Kit C","","Part Under TF","Die not receive from 360 solutions 14-02-25","","","true","81-JF-17-59","AFR ACCY SHOP II","Abdullah","2025-01-14T22:27:50.829Z","1"
"QDF10-014","Valve","Kit C","R&P CoE","MCL","SAT","","","true","81-JF-17-380","INSTRUMENT SHOP","Abdullah","2025-01-14T22:27:50.829Z","1"
"4X1X1GB1018H62M","Gasket","Kit C","S M  Shop","MCL","SAT","","WTFSM1211240001","false","","ELECTRICAL SHOP","Abdullah","2025-01-14T22:27:50.830Z","1"
"5X3X1GB1018H62M","Gasket","Kit C","S M  Shop","MCL","SAT","","WTFSM1211240003","false","","ELECTRICAL SHOP","Abdullah","2025-01-14T22:27:50.830Z","1"
"8X4X1GB1018H62M","Gasket","Kit C","S M  Shop","MCL","SAT","","WTFSM1211240002","false","","ELECTRICAL SHOP","Abdullah","2025-01-14T22:27:50.830Z","1"
"QS110A-003","Head","Kit C","PMC Shop","Part Trial Testing","H/O to user 20-02-25 Comp awt in Shop","","WTFPM2008240042","false","","AFR ACCY SHOP II","Abdullah","2025-01-14T22:27:50.830Z","1"
"QS110A-004","Pipe Joint","Kit C","","MCL","MCL Feb","","","false","","AFR ACCY SHOP II","Abdullah","2025-01-14T22:27:50.830Z","1"
"YXF78-00-04","Valve","Kit C","","MCL","MCL Feb","","","false","","AFR ACCY SHOP II","Abdullah","2025-01-14T22:27:50.830Z","1"
"YXF78-00-08A","Piston Rod","Kit C","Machine Shop","Part Trial Testing","NEW drawings h/o to machine shop 21-02-25","","","false","","AFR ACCY SHOP II","Abdullah","2025-01-14T22:27:50.830Z","1"
"YLF12-00-1","Cap","Kit C","Machine Shop","Part Under TF","TF. Under 3rd rework","","WLOGTF280920230006","false","","AFR ACCY SHOP II","Abdullah","2025-01-14T22:27:50.830Z","1"
"RL41-000-05","Adjusting Gasket","Kit C","","MCL","MCL Feb","","","false","","AFR ACCY SHOP II","Abdullah","2025-01-14T22:27:50.830Z","1"
"19X-YXF63-02","Spring","Kit C","","MCL","MCL Feb","","","false","","AFR ACCY SHOP II","Abdullah","2025-01-14T22:27:50.830Z","1"
"19X-YXF63-03","Casing","Kit C","","Part Trial Testing","Fitting SAT, Part with dwg H/O to MS for remaining machining and HT,ST. ","","","false","","AFR ACCY SHOP II","Abdullah","2025-01-14T22:27:50.830Z","1"
"YXF64/1Y-0002","Valve Seat","Kit C","PMC Shop","MCL","MCL Feb","","WTFPM2008240006","false","","AFR ACCY SHOP II","Abdullah","2025-01-14T22:27:50.830Z","1"
"YYS2-102","Pipe Joint","Kit C","Machine Shop","Part Trial Testing","Rework for passivation 28-02-25 colour was black","","WTFMS0710240027","false","","AFR ACCY SHOP II","Abdullah","2025-01-14T22:27:50.831Z","1"
"1092/2-01-15","Sealing Washer","Kit C","R&P CoE","MCL","Under Trial Test 06-03-25","","WTFRP1002250089","true","81-JF-17-380","INSTRUMENT SHOP","Abdullah","2025-01-14T22:27:50.831Z","1"
"FA3-11-2J7","Rubber Seal","Kit C","","MCL","MCL ALUMINIUM 10 CYCLE DIE","","","false","","AFR ACCY SHOP I","Abdullah","2025-01-14T22:27:50.831Z","1"
"YDF33-1013","COVER","Kit C","Machine Shop","MCL","MCL Feb","","WTFMS1009240010","false","","AFR ACCY SHOP I","Abdullah","2025-01-14T22:27:50.831Z","1"
"YDF23-105","UPPER VALVE","Kit C","Machine Shop","Part Trial Testing","H/O to user 18-02-25 Comp awt in shop Comp Will available after 15 March, 25","","WTFMS1009240011","false","","AFR ACCY SHOP I","Abdullah","2025-01-14T22:27:50.831Z","1"
"RDF44-0006","INLET PIPE JOINT","Kit C 125","Machine shop","Under Indegenization","Under Drawing","Metallic-Under Feasibility 21-03-25","","false","","AFR ACCY SHOP I","Abdullah","2025-01-14T22:27:50.831Z","1"
"YDF33-2002","BUSH","Kit C 125","","MCL","MCL","Metallic-","","false","","","Abdullah","2025-01-14T22:27:50.831Z","1"
"YDT12-009","STOP RING","Kit C 125","SPRING SHOP","Part Under TF","Under Feasibility 10 Sep 2024","Metallic-Under Feasibility 10 Sep 2024","WTFSP1903250005","false","","AFR ACCY SHOP II","Abdullah","2025-01-14T22:27:50.831Z","1"
"QX-20","SCREW PLUG","Kit C 125","","MCL","MCL","Metallic-","","false","","","Abdullah","2025-01-14T22:27:50.831Z","1"
"YDF23-105","UPPER VALVE","Kit C 125","ACC SHOP 1","Part Trial Testing","Under Trial Test","Metallic-ALSO IN 62 KIT PARTS","","false","","","Abdullah","2025-01-14T22:27:50.832Z","1"
"YZL33-2005","GASKET","Kit C 125","Machine shop","Part Under TF","CAN BE MFG","Metallic-Under Feasibility 13-01-25","WTFMS2403250002","false","","AFR ACCY SHOP I","Abdullah","2025-01-14T22:27:50.832Z","1"
"YZL33-2006","GASKET","Kit C 125","Machine shop","Part Under TF","CAN BE MFG","Metallic-Under Feasibility 13-01-25","WTFMS2403250001","false","","AFR ACCY SHOP I","Abdullah","2025-01-14T22:27:50.833Z","1"
"YZL33-2011","SPRING","Kit C 125","","Under Indegenization","Under Drawing","Metallic-Under Drawing","","false","","","Abdullah","2025-01-14T22:27:50.833Z","1"
"YZL26-0006","ECCENTRIC RING","Kit C 125","","Under Indegenization","Under Drawing","Metallic-Under Drawing","","false","","","Abdullah","2025-01-14T22:27:50.833Z","1"
"HB1-710B6x52","TORQUE LINK PIN","Kit C 125","","Under Indegenization","under Drawing","Metallic-under Drawing","","false","","","Abdullah","2025-01-14T22:27:50.833Z","1"
"DD-FC1-42014-111","BUSHING","Kit C 125","PMC","Part Under TF","Under Feasibility","Metallic-Under Feasibility 08-01-25","WTFPM1303250003","false","","AFR ACCY SHOP I","Abdullah","2025-01-14T22:27:50.833Z","1"
"DD-FC1-42014-112","BUSHING","Kit C 125","PMC","Under Indegenization","Under Drawing 13-03-2025","Metallic-Under Drawing Tolerance issue","","false","","AFR ACCY SHOP I","Abdullah","2025-01-14T22:27:50.833Z","1"
"DD-FC1-42014-12","UPPER CAM","Kit C 125","","Under Indegenization","Under Drawing","Metallic-F-17 and sample H/O  TO F-017 TEAM FOR CAD Model requested by PMC 05-03-25","","false","","AFR ACCY SHOP I","Abdullah","2025-01-14T22:27:50.834Z","1"
"YZL25-1303","TAPER SLEEVE","Kit C 125","","Under Indegenization","Under Drawing","Metallic-Under Drawing","","false","","","Abdullah","2025-01-14T22:27:50.834Z","1"
"YZL25-1002","LOCK NUT","Kit C 125","Machine shop","Under Indegenization","Under Feasibility 30-12-24","Metallic-Under Feasibility 30-12-24","","false","","","Abdullah","2025-01-14T22:27:50.834Z","1"
"HB4-56J7-31","Seal Ring","Kit C 125","","Part Trial Testing","Under Trial Test SHOP 1","Rubber-Under Trial Test SHOP 1","WLOGTF180720220021","false","","AFR ACCY SHOP I","Abdullah","2025-01-14T22:27:50.834Z","1"
"HB4-58-31-2B","Guard Ring","Kit C 125","","Part Trial Testing","Under Trial Test SHOP 1","Rubber-FZ20-1009","WLOGTF180720220022","false","","AFR ACCY SHOP I","Abdullah","2025-01-14T22:27:50.834Z","1"
"HB4-56J7-121","Seal Ring","Kit C 125","","Part Trial Testing","Under Trial Test SHOP 1","Rubber-FZ20-1005","WLOGTF250820220008","true","81-K8-27","AFR ACCY SHOP I","Abdullah","2025-01-14T22:27:50.835Z","1"
"HM12X1.5GB54-45","Nut","Kit C 125","Recovery Cell","Part Trial Testing","Under Trial Test Recovery Cell, TRIAL ISSUE CALL TO 2091 AFM AMJAD, NEW F-48 RAISED PART MISPLACED BY USER","Metallic-ALSO IN K8 PARTS V2 SR 103","WTFMS2003250083","false","","RECOVERY CELL","Abdullah","2025-01-14T22:27:50.835Z","1"
"GB/T67-M2x5","FILLISTER HEAD SCREW","Kit C 125","Machine shop","Under Indegenization","Under Drawing 18-03-25","Metallic-Under Drawing 18-03-25","","false","","AVIONIC SHOP","Abdullah","2025-01-14T22:27:50.835Z","1"
"CD1-0000-11","CONDUCTING RING","Kit C 125","","Under Indegenization","Under Drawing 06-03-25","Metallic-Material, Hardness and ST info N/A","","false","","AVIONIC SHOP","Abdullah","2025-01-14T22:27:50.835Z","1"
"CD1-0000-01","SCREW","Kit C 125","Machine shop","Under Indegenization","Under Drawing 18-03-25","Metallic-Under Drawing 18-03-25","","false","","AVIONIC SHOP","Abdullah","2025-01-14T22:27:50.835Z","1"
"CD1-0000-15","BUSH","Kit C 125","Machine shop","Under Indegenization","Under Drawing 06-03-25","Metallic-Under Feasibility 21-03-25","","false","","AVIONIC SHOP","Abdullah","2025-01-14T22:27:50.835Z","1"
"HB1-521GD-5X2X1","GASKET","Kit C 125","","Under Indegenization","Under Drawing","Rubber-Under Drawing","","false","","","Abdullah","2025-01-14T22:27:50.835Z","1"
"GB/T6170-1986-M2.5-1Cr18Ni9Ti","NUT","Kit C 125","","Under Indegenization","Sample Awaiting","Metallic-","","false","","","Abdullah","2025-01-14T22:27:50.836Z","1"
"GB/T6170-1986-M5-1Cr18Ni9Ti","NUT","Kit C 125","","Form 17 Pending","Form 17 Pending","Metallic-","","false","","","Abdullah","2025-01-14T22:27:50.836Z","1"
"GB861.1-87-2.5-Ep·ZnNi3·P","INTERNAL TOOTH LOCKING WASHER","Kit C 125","","Beyond Capability","Beyond Design","Metallic-","","false","","ELECTRICAL SHOP","Abdullah","2025-01-14T22:27:50.836Z","1"
"GB/T818-2000-3-A140","WASHER","Kit C 125","PMC","Part Under TF","CAN BE MFG","Metallic-RE FEASIBILITY SENT TO PMC 04-03-25","WTFPM1303250001","false","","ELECTRICAL SHOP","Abdullah","2025-01-14T22:27:50.836Z","1"
"GB/T818-2000-M2x5-A2-70","SCREW","Kit C 125","Machine shop","Under Indegenization","Under Feasibility 08-01-25","Metallic-Under Feasibility 08-01-25","","false","","ELECTRICAL SHOP","Abdullah","2025-01-14T22:27:50.836Z","1"
"GB/T818-2000-M2x6-A2-70","SCREW","Kit C 125","Machine shop","Part Under TF","Under Feasibility 26-02-25","Metallic-Under Feasibility 26-02-25","","false","","ELECTRICAL SHOP","Abdullah","2025-01-14T22:27:50.836Z","1"
"GB/T818-2000-M3x6-A2-70","SCREW","Kit C 125","","Part Under TF","Under Drawing","Metallic-Under Drawing","","false","","","Abdullah","2025-01-14T22:27:50.836Z","1"
"GB/T819.2-1997-M2.5X5-A2-70","SCREW","Kit C 125","Machine shop","Under Indegenization","Under Feasibility 11-03-25","Metallic-Under Feasibility 11-03-25","","false","","ELECTRICAL SHOP","Abdullah","2025-01-14T22:27:50.836Z","1"
"GB/T819.2-1997-M2.5x80·Zn5~8·DH(Black)","SCREW","Kit C 125","","Under Indegenization","Under Drawing","Metallic-Under Drawing","","false","","","Abdullah","2025-01-14T22:27:50.837Z","1"
"GB/T819.2-1997-M2x6-A2-70","SCREW","Kit C 125","","Under Indegenization","Under Drawing","Metallic-Under Drawing","","false","","","Abdullah","2025-01-14T22:27:50.837Z","1"
"HB2-6-6X6","RUBBER RING","Kit C 125","","Die under Drawing","Die under Drawing 04-02-25","Rubber-Die under Drawing 04-02-25","","false","","ELECTRICAL SHOP","Abdullah","2025-01-14T22:27:50.838Z","1"
"HB1-203F-M3X10","SCREW","Kit C 125","","Under Indegenization","Under Drawing","Metallic-JC HELD WITH JF17 TEAM SAMPLE REQUIRED","","false","","","Abdullah","2025-01-14T22:27:50.838Z","1"
"HB1-203F-M3X6","SCREW","Kit C 125","","Under Indegenization","Under Drawing","Metallic-JC HELD WITH JF17 TEAM SAMPLE REQUIRED","","false","","","Abdullah","2025-01-14T22:27:50.838Z","1"
"HB1-221F-M3X12","SCREW","Kit C 125","Machine shop","Under Indegenization","Under Feasibility 22-01-25","Metallic-","","false","","ELECTRICAL SHOP","Abdullah","2025-01-14T22:27:50.838Z","1"
"HB1-GD2X3X0.5","GASKET","Kit C 125","","Under Indegenization","Under Drawing","Rubber-stand not available, sample not available","","false","","","Abdullah","2025-01-14T22:27:50.838Z","1"
"HB1XGD3X4X0.5","GASKET","Kit C 125","","Under Indegenization","Under Drawing","Rubber-stand not available, sample not available","","false","","","Abdullah","2025-01-14T22:27:50.838Z","1"
"HTPQ-6X10","SLEEVE","Kit C 125","","Under Indegenization","Sample Awaiting","Rubber-COT ITEM DISCUSS WITH PFM ASIF SB 10-3-25","","false","","ELECTRICAL SHOP","Abdullah","2025-01-14T22:27:50.838Z","1"
"HB6258-M2","NUT","Kit C 125","Machine shop","Under Indegenization","Under Feasibility 17-03-25","Metallic-Under Feasibility 17-03-25","","false","","ELECTRICAL SHOP","Abdullah","2025-01-14T22:27:50.839Z","1"
"M444003","DISC SHAPPED SPRING","Kit C 125","PMC, SMS, MS","Under Indegenization","Under Feasibility 13-03-25","Metallic-Under Feasibility 13-03-25","","false","","","Abdullah","2025-01-14T22:27:50.839Z","1"
"HB1-203F-4X12","SCREW","Kit C 125","","Under Indegenization","Under Drawing","Metallic-Under Dwg after solving querry  05-03-2025","","false","","","Abdullah","2025-01-14T22:27:50.839Z","1"
"HB1-203F-M3X8","SCREW","Kit C 125","","Under Indegenization","Under Drawing","Metallic-","","false","","","Abdullah","2025-01-14T22:27:50.839Z","1"
"HB1-203F-M4X10","SCREW","Kit C 125","","Under Indegenization","Under Drawing","Metallic-Under Dwg after solving querry  27-02-2025","","false","","","Abdullah","2025-01-14T22:27:50.839Z","1"
"HB1-203F-M4X12","SCREW","Kit C 125","","Under Indegenization","Under Drawing","Metallic-Under Dwg after solving querry  05-03-2025","","false","","","Abdullah","2025-01-14T22:27:50.840Z","1"
"RDF44-0003","SPRING","Kit C 125","","Form 17 Pending","Form-017 Requried","Metallic-","","false","","","Abdullah","2025-01-14T22:27:50.840Z","1"
"RDF44-0004","SPRING SEAT","Kit C 125","","Form 17 Pending","Form-017 Requried","Metallic-","","false","","","Abdullah","2025-01-14T22:27:50.840Z","1"
"RDF44-1001","VALVE","Kit C 125","","Form 17 Pending","Form-017 Requried","Metallic-","","false","","","Abdullah","2025-01-14T22:27:50.840Z","1"
"YDF33-1012","SLIDE VALVE","Kit C 125","","Form 17 Pending","Form-017 Requried","Metallic-","","false","","","Abdullah","2025-01-14T22:27:50.840Z","1"
"YDF33-1014","SPRING","Kit C 125","","Form 17 Pending","Form-017 Requried","Metallic-","","false","","","Abdullah","2025-01-14T22:27:50.840Z","1"
"FR307-104","SPRING SEAT","Kit C 125","","Form 17 Pending","Form-017 Requried","Metallic-","","false","","","Abdullah","2025-01-14T22:27:50.841Z","1"
"FR307-105","SPRING SEAT","Kit C 125","","Form 17 Pending","Form-017 Requried","Metallic-","","false","","","Abdullah","2025-01-14T22:27:50.841Z","1"
"FR307-106","SPRING","Kit C 125","","Form 17 Pending","Form-017 Requried","Metallic-","","false","","","Abdullah","2025-01-14T22:27:50.841Z","1"
"FR307-107","SMALL SHAFT","Kit C 125","","Form 17 Pending","Form-017 Requried","Metallic-","","false","","","Abdullah","2025-01-14T22:27:50.841Z","1"
"FR307-108","VALVE SEAT","Kit C 125","","Form 17 Pending","Form-017 Requried","Metallic-","","false","","","Abdullah","2025-01-14T22:27:50.841Z","1"
"J7I-4102-315","BOLT","Kit C 125","Machine shop","Under Indegenization","Under Feasibility 13-03-25","Metallic-","","false","","AFR ACCY SHOP II","Abdullah","2025-01-14T22:27:50.841Z","1"
"YDT12-005","NUT","Kit C 125","Machine shop","Part Under TF","Under Feasibility 26-02-25","Metallic-","WTFMS2403250003","false","","AFR ACCY SHOP II","Abdullah","2025-01-14T22:27:50.841Z","1"
"YDT12-012","LABEL","Kit C 125","PMC","Part Under TF","CAN BE MFG","Metallic-RE FEASIBILITY SENT TO PMC 04-03-25","WTFPM1803250060","false","","AFR ACCY SHOP II","Abdullah","2025-01-14T22:27:50.841Z","1"
"16D106-36-30.2-B","PROTECTIVE RING","Kit C 125","","Form 17 Pending","Form-017 Requried","Rubber-","","false","","","Abdullah","2025-01-14T22:27:50.841Z","1"
"16D106-45.4-40","PROTECTIVE RING","Kit C 125","","Form 17 Pending","Form-017 Requried","Rubber-","","false","","","Abdullah","2025-01-14T22:27:50.841Z","1"
"QYF44-02","SCREW PLUG","Kit C 125","","Form 17 Pending","Form-017 Requried","Metallic-","","false","","","Abdullah","2025-01-14T22:27:50.842Z","1"
"QYF44A-02","VALVE","Kit C 125","","Form 17 Pending","Form-017 Requried","Metallic-","","false","","","Abdullah","2025-01-14T22:27:50.842Z","1"
"HB6260M4RI-hole 3","NUT","Kit C 125","Machine shop","Under Indegenization","Under Feasibility 17-03-25","Metallic-","","false","","AFR ACCY SHOP II","Abdullah","2025-01-14T22:27:50.842Z","1"
"HB6260M5RI-hole 3","NUT","Kit C 125","Machine shop","Under Indegenization","Under Feasibility 17-03-25","Metallic-","","false","","AFR ACCY SHOP II","Abdullah","2025-01-14T22:27:50.842Z","1"
"RDF23-111","RIVET","Kit C 125","","Form 17 Pending","Form-017 Requried","Metallic-","","false","","","Abdullah","2025-01-14T22:27:50.842Z","1"
"RDF23-113","SCREW","Kit C 125","","Form 17 Pending","Form-017 Requried","Metallic-","","false","","","Abdullah","2025-01-14T22:27:50.842Z","1"
"RDF23-101","PIN","Kit C 125","","Form 17 Pending","Form-017 Requried","Metallic-","","false","","","Abdullah","2025-01-14T22:27:50.842Z","1"
"RDF23-106","SPRING","Kit C 125","","Form 17 Pending","Form-017 Requried","Metallic-","","false","","","Abdullah","2025-01-14T22:27:50.842Z","1"
"CT28-105","LIFT ROD","Kit C 125","","Form 17 Pending","Form-017 Requried","Metallic-","","false","","","Abdullah","2025-01-14T22:27:50.842Z","1"
"YDF23-106","LOWER VALVE","Kit C 125","","Form 17 Pending","Form-017 Requried","Metallic-","","false","","","Abdullah","2025-01-14T22:27:50.842Z","1"
"YDF23-109","CAP COVER","Kit C 125","","Form 17 Pending","Form-017 Requried","Metallic-","","false","","","Abdullah","2025-01-14T22:27:50.843Z","1"
"YDF23-110","SPRING","Kit C 125","","Form 17 Pending","Form-017 Requried","Metallic-","","false","","","Abdullah","2025-01-14T22:27:50.843Z","1"
"ZL-44208A","BUSH","Kit C 125","","Form 17 Pending","Form-017 Requried","Metallic-","","false","","","Abdullah","2025-01-14T22:27:50.843Z","1"
"QDF51-0001","CASING","Kit C 125","","Form 17 Pending","Form-017 Requried","Metallic-","","false","","","Abdullah","2025-01-14T22:27:50.844Z","1"
"ZL-44470A","S/PLUG","Kit C 125","","Form 17 Pending","Form-017 Requried","Metallic-","","false","","","Abdullah","2025-01-14T22:27:50.844Z","1"
"ZL-8109U","SPRING","Kit C 125","","Form 17 Pending","Form-017 Requried","Metallic-","","false","","","Abdullah","2025-01-14T22:27:50.845Z","1"
"YZL25-3001","FRONT HOUSING","Kit C 125","","Form 17 Pending","Form-017 Requried","Metallic-","","false","","","Abdullah","2025-01-14T22:27:50.845Z","1"
"YZL25-3100","VALVE SEAT ASSEMBLY","Kit C 125","","Form 17 Pending","Form-017 Requried","Metallic-","","false","","","Abdullah","2025-01-14T22:27:50.846Z","1"
"YZL25-4000","REAR VALVE BODY ASSEMBLY","Kit C 125","","Form 17 Pending","Form-017 Requried","Metallic-","","false","","","Abdullah","2025-01-14T22:27:50.846Z","1"
"YZL25-4001","REAR HOUSING","Kit C 125","","Form 17 Pending","Form-017 Requried","Metallic-","","false","","","Abdullah","2025-01-14T22:27:50.846Z","1"
"RLB34-109","SHAFT","Kit C 125","","Form 17 Pending","Form-017 Requried","Metallic-","","false","","","Abdullah","2025-01-14T22:27:50.846Z","1"
"RLB34-112","ADJUSTING WASHER","Kit C 125","","Form 17 Pending","Form-017 Requried","Metallic-","","false","","","Abdullah","2025-01-14T22:27:50.846Z","1"
"RLB34-113","LOCK WASHER","Kit C 125","","Form 17 Pending","Form-017 Requried","Metallic-","","false","","","Abdullah","2025-01-14T22:27:50.847Z","1"
"RLB34-114","SLOTTED NUT","Kit C 125","","Form 17 Pending","Form-017 Requried","Metallic-","","false","","","Abdullah","2025-01-14T22:27:50.847Z","1"
"HB6351-5","LOCK WASHER","Kit C 125","","Form 17 Pending","Form-017 Requried","Metallic-","","false","","","Abdullah","2025-01-14T22:27:50.847Z","1"
"FZ-508","PRESSURIZATION VENT VALVE","Kit C 125","","Form 17 Pending","Form-017 Requried","Metallic-","","false","","","Abdullah","2025-01-14T22:27:50.847Z","1"
"FZ508-101","CASING","Kit C 125","","Form 17 Pending","Form-017 Requried","Metallic-","","false","","","Abdullah","2025-01-14T22:27:50.847Z","1"
"FZ508-102","UPPER COVER","Kit C 125","","Form 17 Pending","Form-017 Requried","Metallic-","","false","","","Abdullah","2025-01-14T22:27:50.847Z","1"
"YXF78-00-05","VALVE SEAT","Kit C 125","","Form 17 Pending","Form-017 Requried","Metallic-","","false","","","Abdullah","2025-01-14T22:27:50.848Z","1"
"YXF78-00-07","GUARD RING","Kit C 125","","Form 17 Pending","Form-017 Requried","Metallic-","","false","","","Abdullah","2025-01-14T22:27:50.848Z","1"
"YDT16-003","SPRING COIL","Kit C 125","","Under Indegenization","Under Drawing","Metallic-","","false","","","Abdullah","2025-01-14T22:27:50.848Z","1"
"YDT13-003","SEAL SLEEVE ASSY","Kit C 125","","Under Indegenization","Under Drawing","Rubber-SAMPLE REQUIRED TO BY CUT FOR DIMENSIONING 04-03-25","","false","","","Abdullah","2025-01-14T22:27:50.848Z","1"
"YDT13-005","LOCK PIECE","Kit C 125","","Under Indegenization","IN LIUE PART UNDER FEASIBILITY","Metallic-SAME AS YDT16-010 IN LIUE TO BE MARK  05-03-25","","false","","","Abdullah","2025-01-14T22:27:50.849Z","1"
"YDT13-006","EYE BOLT","Kit C 125","","Under Indegenization","Under Drawing","Metallic-","","false","","","Abdullah","2025-01-14T22:27:50.849Z","1"
"YDT13-007","BOLT","Kit C 125","Machine shop","Under Indegenization","Under Feasibility 18-03-25","Metallic-","","false","","AFR ACCY SHOP II","Abdullah","2025-01-14T22:27:50.849Z","1"
"YDT13-100","ELBOW NOZZLE","Kit C 125","","Under Indegenization","Under Drawing","Metallic-","","false","","","Abdullah","2025-01-14T22:27:50.849Z","1"
"FR227-0002","CONNECTING ROD","Kit C 125","","Form 17 Pending","Form-017 Requried","Metallic-","","false","","","Abdullah","2025-01-14T22:27:50.849Z","1"
"FR227-0004","UPPER CASING","Kit C 125","","Form 17 Pending","Form-017 Requried","Metallic-","","false","","","Abdullah","2025-01-14T22:27:50.849Z","1"
"FR227-0005","UPPER COVER","Kit C 125","","Under Indegenization","Under Drawing 06-03-25","Metallic-","","false","","","Abdullah","2025-01-14T22:27:50.849Z","1"
"FZ508-115","LARGE SPRING SEAT","Kit C 125","","Form 17 Pending","Form-017 Requried","Metallic-","","false","","","Abdullah","2025-01-14T22:27:50.850Z","1"
"GB894.1-86-6-65Mn-Zn.D","CIRCLIP FOR SHAFT","Kit C 125","","Form 17 Pending","Form-017 Requried","Metallic-","","false","","","Abdullah","2025-01-14T22:27:50.850Z","1"
"DD-FC1-42014-110","PISTON ROD","Kit C 125","","Form 17 Pending","Form-017 Requried","Metallic-","","false","","","Abdullah","2025-01-14T22:27:50.850Z","1"
"YZL25-1300","PISTON ROD ASSEMBLY","Kit C 125","","Form 17 Pending","Form-017 Requried","Metallic-","","false","","","Abdullah","2025-01-14T22:27:50.850Z","1"
"YZL25-1301","LARGE PISTON ROD","Kit C 125","","Form 17 Pending","Form-017 Requried","Metallic-","","false","","","Abdullah","2025-01-14T22:27:50.850Z","1"
"YZL25-1302","SMALL PISTON ROD","Kit C 125","","Form 17 Pending","Form-017 Requried","Metallic-","","false","","","Abdullah","2025-01-14T22:27:50.850Z","1"
"ZL-44270A","H/B ASSY","Kit C 125","","Form 17 Pending","Form-017 Requried","Metallic-","","false","","","Abdullah","2025-01-14T22:27:50.851Z","1"
"ZL-44350A","THREDDE PLUG","Kit C 125","","Form 17 Pending","Form-017 Requried","Metallic-","","false","","","Abdullah","2025-01-14T22:27:50.851Z","1"
"YDT15-001(Y)","UNIVERSAL JOINT","Kit C 125","","Form 17 Pending","Form-017 Requried","Metallic-","","false","","","Abdullah","2025-01-14T22:27:50.851Z","1"
"YDT17-200(Y)","OUTER CYLINDER","Kit C 125","","Form 17 Pending","Form-017 Requried","Metallic-","","false","","","Abdullah","2025-01-14T22:27:50.851Z","1"
"YDT16-010","KEY","Kit C 125","Machine shop","Part Under TF","Under Feasibility 26-02-25","Metallic-","","false","","AFR ACCY SHOP II","Abdullah","2025-01-14T22:27:50.851Z","1"
"T8A.07.01","RETAINER","Kit C 125","SPRING SHOP","MCL","MCL","Metallic-PART RELACE WITH YDT18-001","","false","","","Abdullah","2025-01-14T22:27:50.851Z","1"
"YDT18-001-1","LABEL","Kit C 125","","Form 17 Pending","Form-017 Requried","Metallic-","","false","","","Abdullah","2025-01-14T22:27:50.851Z","1"
"YDT18-002-2","STRIP","Kit C 125","","Form 17 Pending","Form-017 Requried","Metallic-PART RELACE WITH YDT18-001-2","","false","","AFR ACCY SHOP II","Abdullah","2025-01-14T22:27:50.851Z","1"
"YDT18-005","EARING JOINT ASSY","Kit C 125","","Form 17 Pending","Form-017 Requried","Metallic-","","false","","","Abdullah","2025-01-14T22:27:50.851Z","1"
"TF-112-1","SCREW","Kit C 125","","Form 17 Pending","Form-017 Requried","Metallic-","","false","","","Abdullah","2025-01-14T22:27:50.851Z","1"
"TF-120","RUBBER GASKET","Kit C 125","","Form 17 Pending","Form-017 Requried","Rubber-","","false","","","Abdullah","2025-01-14T22:27:50.852Z","1"
"TF-133","SEAL RING","Kit C 125","","Form 17 Pending","Form-017 Requried","Rubber-","","false","","","Abdullah","2025-01-14T22:27:50.852Z","1"
"YS126A-011","CASING ASSEMBLY","Kit C 125","","Form 17 Pending","Form-017 Requried","Metallic-","","false","","","Abdullah","2025-01-14T22:27:50.852Z","1"
"YS126A-102","VALVE CORE","Kit C 125","","Form 17 Pending","Form-017 Requried","Metallic-","","false","","","Abdullah","2025-01-14T22:27:50.852Z","1"
"YS126B-011","ORIFICE COMPONENT","Kit C 125","","Form 17 Pending","Form-017 Requried","Metallic-","","false","","","Abdullah","2025-01-14T22:27:50.852Z","1"
"GB6172M6-1Cr17Ni2","THIN HEXAGON NUT","Kit C 125","Machine shop","Under Indegenization","Under Feasibility 18-03-25","Metallic-","","false","","AFR ACCY SHOP II","Abdullah","2025-01-14T22:27:50.852Z","1"
"YYS2-103","RIGHT END COVER","Kit C 125","","Form 17 Pending","Form-017 Requried","Metallic-","","false","","","Abdullah","2025-01-14T22:27:50.853Z","1"
"FA3-17-2.8J7","SEALING RING","Kit C 125","","Form 17 Pending","Form-017 Requried","Rubber-","","false","","","Abdullah","2025-01-14T22:27:50.853Z","1"